"ASV","Reads","Kingdom","Phylum","Class","Order","Family","Genus","Relative_abundance"
"ASV_1",1960,"Bacteria","Bacillota","Bacilli","Lactobacillales","Lactobacillaceae","Lactobacillus",6.18960399166298
"ASV_2",1614,"Bacteria","Bacillota","Bacilli","Lactobacillales","Lactobacillaceae","Lactobacillus",5.09694940946125
"ASV_3",1431,"Bacteria","Bacillota","Bacilli","Lactobacillales","Lactobacillaceae","Lactobacillus",4.51904250615802
"ASV_4",1372,"Bacteria","Bacillota","Bacilli","Lactobacillales","Lactobacillaceae","Lactobacillus",4.33272279416409
"ASV_5",1310,"Bacteria","Bacillota","Bacilli","Lactobacillales","Lactobacillaceae","Lactobacillus",4.13692919850944
"ASV_6",1247,"Bacteria","Bacillota","Bacilli","Lactobacillales","Lactobacillaceae","Lactobacillus",3.93797764163456
"ASV_7",1165,"Bacteria","Bacillota","Bacilli","Lactobacillales","Lactobacillaceae","Lactobacillus",3.67902482157519
"ASV_8",1157,"Bacteria","Bacillota","Bacilli","Lactobacillales","Lactobacillaceae","Lactobacillus",3.6537611318133
"ASV_9",1113,"Bacteria","Bacillota","Bacilli","Lactobacillales","Lactobacillaceae","Lactobacillus",3.51481083812291
"ASV_10",1105,"Bacteria","Bacillota","Bacilli","Lactobacillales","Lactobacillaceae","Lactobacillus",3.48954714836102
"ASV_11",1092,"Bacteria","Bacillota","Bacilli","Lactobacillales","Lactobacillaceae","Lactobacillus",3.44849365249795
"ASV_12",1082,"Bacteria","Bacillota","Bacilli","Lactobacillales","Lactobacillaceae","Lactobacillus",3.41691404029559
"ASV_13",1044,"Bacteria","Bacillota","Bacilli","Lactobacillales","Lactobacillaceae","Lactobacillus",3.29691151392661
"ASV_14",1036,"Bacteria","Bacillota","Bacilli","Lactobacillales","Lactobacillaceae","Lactobacillus",3.27164782416472
"ASV_15",930,"Bacteria","Bacillota","Bacilli","Lactobacillales","Lactobacillaceae","Lactobacillus",2.93690393481968
"ASV_16",883,"Bacteria","Bacillota","Bacilli","Lactobacillales","Lactobacillaceae","Lactobacillus",2.78847975746858
"ASV_17",831,"Bacteria","Bacillota","Bacilli","Lactobacillales","Lactobacillaceae","Lactobacillus",2.62426577401629
"ASV_18",809,"Bacteria","Bacillota","Bacilli","Lactobacillales","Lactobacillaceae","Lactobacillus",2.5547906271711
"ASV_19",762,"Bacteria","Bacillota","Bacilli","Lactobacillales","Lactobacillaceae","Lactobacillus",2.40636644982
"ASV_20",745,"Bacteria","Bacillota","Bacilli","Lactobacillales","Lactobacillaceae","Lactobacillus",2.35268110907598
"ASV_21",461,"Bacteria","Bacillota","Bacilli","Lactobacillales","Lactobacillaceae","Lactobacillus",1.4558201225289
"ASV_22",442,"Bacteria","Bacillota","Bacilli","Lactobacillales","Lactobacillaceae","Lactobacillus",1.39581885934441
"ASV_23",420,"Bacteria","Bacillota","Bacilli","Lactobacillales","Lactobacillaceae","Lactobacillus",1.32634371249921
"ASV_24",396,"Bacteria","Bacillota","Bacilli","Lactobacillales","Lactobacillaceae","Lactobacillus",1.25055264321354
"ASV_25",383,"Bacteria","Bacillota","Bacilli","Lactobacillales","Lactobacillaceae","Lactobacillus",1.20949914735047
"ASV_26",356,"Bacteria","Bacillota","Bacilli","Lactobacillales","Lactobacillaceae","Lactobacillus",1.12423419440409
"ASV_27",355,"Bacteria","Bacillota","Bacilli","Lactobacillales","Lactobacillaceae","Lactobacillus",1.12107623318386
"ASV_28",346,"Bacteria","Bacillota","Bacilli","Lactobacillales","Lactobacillaceae","Lactobacillus",1.09265458220173
"ASV_29",323,"Bacteria","Bacillota","Bacilli","Lactobacillales","Lactobacillaceae","Lactobacillus",1.0200214741363
"ASV_30",318,"Bacteria","Bacillota","Bacilli","Lactobacillales","Lactobacillaceae","Lactobacillus",1.00423166803512
"ASV_31",300,"Bacteria","Bacillota","Bacilli","Lactobacillales","Lactobacillaceae","Lactobacillus",0.947388366070865
"ASV_32",274,"Bacteria","Bacillota","Bacilli","Lactobacillales","Lactobacillaceae","Lactobacillus",0.865281374344723
"ASV_33",207,"Bacteria","Bacillota","Bacilli","Bacillales","Planococcaceae","Planococcus",0.653697972588897
"ASV_34",151,"Bacteria","Bacillota","Bacilli","Bacillales","Planococcaceae","Planococcus",0.476852144255669
"ASV_35",99,"Bacteria","Bacillota","Clostridia","Peptostreptococcales-Tissierellales","Family XI","Anaerococcus",0.312638160803385
"ASV_36",95,"Bacteria","Bacteroidota","Bacteroidia","Bacteroidales","Prevotellaceae","Segatella",0.30000631592244
"ASV_37",94,"Bacteria","Bacteroidota","Bacteroidia","Flavobacteriales","Flavobacteriaceae","Antarcticibacterium",0.296848354702204
"ASV_38",90,"Bacteria","Bacteroidota","Bacteroidia","Bacteroidales","Prevotellaceae","Leyella",0.284216509821259
"ASV_39",84,"Bacteria","Bacillota","Clostridia","Peptostreptococcales-Tissierellales","Family XI","Finegoldia",0.265268742499842
"ASV_40",83,"Bacteria","Actinomycetota","Actinobacteria","Micrococcales","Dermabacteraceae","Brachybacterium",0.262110781279606
"ASV_41",82,"Bacteria","Pseudomonadota","Gammaproteobacteria","Pseudomonadales","Moraxellaceae","Psychrobacter",0.25895282005937
"ASV_42",79,"Bacteria","Bacillota","Clostridia","Peptostreptococcales-Tissierellales","Family XI","Anaerococcus",0.249478936398661
"ASV_43",74,"Bacteria","Actinomycetota","Actinobacteria","Mycobacteriales","Corynebacteriaceae","Corynebacterium",0.23368913029748
"ASV_44",70,"Bacteria","Pseudomonadota","Gammaproteobacteria","Pseudomonadales","Moraxellaceae","Psychrobacter",0.221057285416535
"ASV_45",70,"Bacteria","Actinomycetota","Actinobacteria","Mycobacteriales","Corynebacteriaceae","Corynebacterium",0.221057285416535
"ASV_46",69,"Bacteria","Cyanobacteriota","Cyanobacteriia","Chloroplast",NA,NA,0.217899324196299
"ASV_47",67,"Bacteria","Pseudomonadota","Gammaproteobacteria","Pseudomonadales","Moraxellaceae","Psychrobacter",0.211583401755826
"ASV_48",66,"Bacteria","Actinomycetota","Actinobacteria","Bifidobacteriales","Bifidobacteriaceae","Gardnerella",0.20842544053559
"ASV_49",66,"Bacteria","Pseudomonadota","Gammaproteobacteria","Pseudomonadales","Moraxellaceae","Psychrobacter",0.20842544053559
"ASV_50",65,"Bacteria","Pseudomonadota","Gammaproteobacteria","Pseudomonadales","Moraxellaceae","Psychrobacter",0.205267479315354
"ASV_51",64,"Bacteria","Actinomycetota","Actinobacteria","Mycobacteriales","Corynebacteriaceae","Corynebacterium",0.202109518095118
"ASV_52",61,"Bacteria","Pseudomonadota","Gammaproteobacteria","Pseudomonadales","Moraxellaceae","Psychrobacter",0.192635634434409
"ASV_53",60,"Bacteria","Pseudomonadota","Gammaproteobacteria","Pseudomonadales","Moraxellaceae","Psychrobacter",0.189477673214173
"ASV_54",59,"Bacteria","Bacteroidota","Bacteroidia","Bacteroidales","Prevotellaceae","Hoylesella",0.186319711993937
"ASV_55",59,"Bacteria","Pseudomonadota","Gammaproteobacteria","Pseudomonadales","Moraxellaceae","Psychrobacter",0.186319711993937
"ASV_56",58,"Bacteria","Pseudomonadota","Gammaproteobacteria","Pseudomonadales","Moraxellaceae","Psychrobacter",0.183161750773701
"ASV_57",57,"Bacteria","Pseudomonadota","Gammaproteobacteria","Pseudomonadales","Moraxellaceae","Psychrobacter",0.180003789553464
"ASV_58",57,"Bacteria","Pseudomonadota","Gammaproteobacteria","Pseudomonadales","Moraxellaceae","Psychrobacter",0.180003789553464
"ASV_59",56,"Bacteria","Bacillota","Bacilli","Staphylococcales","Staphylococcaceae","Staphylococcus",0.176845828333228
"ASV_60",54,"Bacteria","Pseudomonadota","Gammaproteobacteria","Pseudomonadales","Moraxellaceae","Psychrobacter",0.170529905892756
"ASV_61",52,"Bacteria","Pseudomonadota","Gammaproteobacteria","Pseudomonadales","Moraxellaceae","Psychrobacter",0.164213983452283
"ASV_62",51,"Bacteria","Pseudomonadota","Gammaproteobacteria","Pseudomonadales","Moraxellaceae","Psychrobacter",0.161056022232047
"ASV_63",51,"Bacteria","Actinomycetota","Actinobacteria","Micrococcales","Micrococcaceae","Pseudoglutamicibacter",0.161056022232047
"ASV_64",48,"Bacteria","Pseudomonadota","Gammaproteobacteria","Pseudomonadales","Moraxellaceae","Psychrobacter",0.151582138571338
"ASV_65",47,"Bacteria","Pseudomonadota","Gammaproteobacteria","Pseudomonadales","Moraxellaceae","Psychrobacter",0.148424177351102
"ASV_66",44,"Bacteria","Actinomycetota","Actinobacteria","Mycobacteriales","Corynebacteriaceae","Corynebacterium",0.138950293690393
"ASV_67",44,"Bacteria","Actinomycetota","Actinobacteria","Mycobacteriales","Corynebacteriaceae","Corynebacterium",0.138950293690393
"ASV_68",43,"Bacteria","Pseudomonadota","Gammaproteobacteria","Pseudomonadales","Moraxellaceae","Psychrobacter",0.135792332470157
"ASV_69",43,"Bacteria","Actinomycetota","Actinobacteria","Micrococcales","Microbacteriaceae","Leifsonia",0.135792332470157
"ASV_70",42,"Bacteria","Bacillota","Clostridia","Oscillospirales","[Eubacterium] coprostanoligenes group",NA,0.132634371249921
"ASV_71",41,"Bacteria","Pseudomonadota","Gammaproteobacteria","Pseudomonadales","Moraxellaceae","Psychrobacter",0.129476410029685
"ASV_72",41,"Bacteria","Pseudomonadota","Gammaproteobacteria","Enterobacterales","Erwiniaceae","Pantoea",0.129476410029685
"ASV_73",41,"Bacteria","Actinomycetota","Actinobacteria","Mycobacteriales","Corynebacteriaceae","Corynebacterium",0.129476410029685
"ASV_74",40,"Bacteria","Pseudomonadota","Gammaproteobacteria","Pseudomonadales","Moraxellaceae","Psychrobacter",0.126318448809449
"ASV_75",39,"Bacteria","Pseudomonadota","Gammaproteobacteria","Pseudomonadales","Moraxellaceae","Psychrobacter",0.123160487589212
"ASV_76",39,"Bacteria","Actinomycetota","Actinobacteria","Mycobacteriales","Corynebacteriaceae","Corynebacterium",0.123160487589212
"ASV_77",37,"Bacteria","Bacteroidota","Bacteroidia","Bacteroidales","Bacteroidaceae","Bacteroides",0.11684456514874
"ASV_78",36,"Bacteria","Bacteroidota","Bacteroidia","Bacteroidales","Prevotellaceae",NA,0.113686603928504
"ASV_79",36,"Bacteria","Actinomycetota","Actinobacteria","Mycobacteriales","Corynebacteriaceae","Corynebacterium",0.113686603928504
"ASV_80",36,"Bacteria","Actinomycetota","Actinobacteria","Mycobacteriales","Corynebacteriaceae","Corynebacterium",0.113686603928504
"ASV_81",35,"Bacteria","Actinomycetota","Actinobacteria","Bifidobacteriales","Bifidobacteriaceae","Bifidobacterium",0.110528642708268
"ASV_82",35,"Bacteria","Pseudomonadota","Gammaproteobacteria","Pseudomonadales","Moraxellaceae","Psychrobacter",0.110528642708268
"ASV_83",35,"Bacteria","Actinomycetota","Actinobacteria","Micrococcales","Micrococcaceae","Glutamicibacter",0.110528642708268
"ASV_84",34,"Bacteria","Bacteroidota","Bacteroidia","Flavobacteriales","Weeksellaceae","Empedobacter",0.107370681488031
"ASV_85",34,"Bacteria","Pseudomonadota","Gammaproteobacteria","Pseudomonadales","Pseudomonadaceae","Pseudomonas",0.107370681488031
"ASV_86",34,"Bacteria","Actinomycetota","Actinobacteria","Mycobacteriales","Corynebacteriaceae","Corynebacterium",0.107370681488031
"ASV_87",33,"Bacteria","Bacillota","Bacilli","Lactobacillales","Lactobacillaceae","Lactobacillus",0.104212720267795
"ASV_88",33,"Bacteria","Pseudomonadota","Gammaproteobacteria","Pseudomonadales","Moraxellaceae","Enhydrobacter",0.104212720267795
"ASV_89",33,"Bacteria","Actinomycetota","Actinobacteria","Mycobacteriales","Corynebacteriaceae","Corynebacterium",0.104212720267795
"ASV_90",32,"Bacteria","Bacillota","Bacilli","Lactobacillales","Aerococcaceae","Facklamia",0.101054759047559
"ASV_91",32,"Bacteria","Actinomycetota","Actinobacteria","Mycobacteriales","Corynebacteriaceae","Corynebacterium",0.101054759047559
"ASV_92",30,"Bacteria","Actinomycetota","Actinobacteria","Micrococcales","Micrococcaceae","Rothia",0.0947388366070865
"ASV_93",29,"Bacteria","Actinomycetota","Actinobacteria","Mycobacteriales","Corynebacteriaceae","Corynebacterium",0.0915808753868503
"ASV_94",29,"Bacteria","Actinomycetota","Actinobacteria","Mycobacteriales","Corynebacteriaceae","Corynebacterium",0.0915808753868503
"ASV_95",29,"Bacteria","Bacteroidota","Bacteroidia","Sphingobacteriales","Sphingobacteriaceae","Pedobacter",0.0915808753868503
"ASV_96",29,"Bacteria","Actinomycetota","Actinobacteria","Mycobacteriales","Corynebacteriaceae","Corynebacterium",0.0915808753868503
"ASV_97",28,"Bacteria","Actinomycetota","Actinobacteria","Mycobacteriales","Corynebacteriaceae","Corynebacterium",0.088422914166614
"ASV_98",28,"Bacteria","Actinomycetota","Actinobacteria","Bifidobacteriales","Bifidobacteriaceae","Bifidobacterium",0.088422914166614
"ASV_99",28,"Bacteria","Bacillota","Bacilli","Lactobacillales","Lactobacillaceae","Lacticaseibacillus",0.088422914166614
"ASV_100",25,"Bacteria","Pseudomonadota","Gammaproteobacteria","Pseudomonadales","Moraxellaceae","Acinetobacter",0.0789490305059054
"ASV_101",25,"Bacteria","Actinomycetota","Actinobacteria","Mycobacteriales","Corynebacteriaceae","Corynebacterium",0.0789490305059054
"ASV_102",24,"Bacteria","Bacillota","Negativicutes","Veillonellales-Selenomonadales","Veillonellaceae","Veillonella",0.0757910692856692
"ASV_103",23,"Bacteria","Bacteroidota","Bacteroidia","Bacteroidales","Prevotellaceae","Segatella",0.072633108065433
"ASV_104",23,"Bacteria","Pseudomonadota","Alphaproteobacteria","Hyphomicrobiales","Rhizobiaceae","Agrobacterium",0.072633108065433
"ASV_105",23,"Bacteria","Bacillota","Bacilli","Lactobacillales","Streptococcaceae","Streptococcus",0.072633108065433
"ASV_106",22,"Bacteria","Bacteroidota","Bacteroidia","Sphingobacteriales","Sphingobacteriaceae","Pedobacter",0.0694751468451967
"ASV_107",22,"Bacteria","Bacteroidota","Bacteroidia","Bacteroidales","Bacteroidaceae","Bacteroides",0.0694751468451967
"ASV_108",21,"Bacteria","Bacteroidota","Bacteroidia","Bacteroidales","Barnesiellaceae","Barnesiella",0.0663171856249605
"ASV_109",21,"Bacteria","Bacteroidota","Bacteroidia","Bacteroidales","Tannerellaceae","Parabacteroides",0.0663171856249605
"ASV_110",21,"Bacteria","Bacillota","Clostridia","Oscillospirales","UCG-010",NA,0.0663171856249605
"ASV_111",21,"Bacteria","Pseudomonadota","Gammaproteobacteria","Lysobacterales","Lysobacteraceae","Stenotrophomonas",0.0663171856249605
"ASV_112",20,"Bacteria","Bacillota","Clostridia","Oscillospirales","Ruminococcaceae","Faecalibacterium",0.0631592244047243
"ASV_113",19,"Bacteria","Bacteroidota","Bacteroidia","Sphingobacteriales","Sphingobacteriaceae","Albibacterium",0.0600012631844881
"ASV_114",19,"Bacteria","Bacillota","Bacilli","Bacillales","Planococcaceae","Planococcus",0.0600012631844881
"ASV_115",19,"Bacteria","Bacillota","Clostridia","Oscillospirales","Oscillospiraceae","UCG-002",0.0600012631844881
"ASV_116",17,"Bacteria","Bacillota","Clostridia","Peptostreptococcales-Tissierellales","Family XI","Anaerococcus",0.0536853407440157
"ASV_117",17,"Bacteria","Bacteroidota","Bacteroidia","Bacteroidales","Prevotellaceae","Prevotella",0.0536853407440157
"ASV_118",17,"Bacteria","Bacteroidota","Bacteroidia","Bacteroidales","Prevotellaceae","Segatella",0.0536853407440157
"ASV_119",17,"Bacteria","Pseudomonadota","Alphaproteobacteria","Caulobacterales","Caulobacteraceae","Brevundimonas",0.0536853407440157
"ASV_120",17,"Bacteria","Bacteroidota","Bacteroidia","Sphingobacteriales","Sphingobacteriaceae","Sphingobacterium",0.0536853407440157
"ASV_121",17,"Bacteria","Bacillota","Bacilli","Lactobacillales","Lactobacillaceae",NA,0.0536853407440157
"ASV_122",17,"Bacteria","Bacteroidota","Bacteroidia","Bacteroidales","Rikenellaceae","Alistipes",0.0536853407440157
"ASV_123",17,"Bacteria","Actinomycetota","Actinobacteria","Micrococcales","Dermabacteraceae","Helcobacillus",0.0536853407440157
"ASV_124",16,"Bacteria","Bacteroidota","Bacteroidia","Bacteroidales","Marinifilaceae","Odoribacter",0.0505273795237794
"ASV_125",16,"Bacteria","Bacillota","Bacilli","Erysipelotrichales","Erysipelatoclostridiaceae","Asteroleplasma",0.0505273795237794
"ASV_126",16,"Bacteria","Pseudomonadota","Alphaproteobacteria","Rhodobacterales","Paracoccaceae","Paracoccus",0.0505273795237794
"ASV_127",15,"Bacteria","Pseudomonadota","Alphaproteobacteria","Hyphomicrobiales","Xanthobacteraceae","Azorhizobium",0.0473694183035432
"ASV_128",14,"Bacteria","Actinomycetota","Actinobacteria","Mycobacteriales","Nocardiaceae","Rhodococcus",0.044211457083307
"ASV_129",14,"Bacteria","Bacillota","Clostridia","Oscillospirales","Butyricicoccaceae","Agathobaculum",0.044211457083307
"ASV_130",12,"Bacteria","Bacillota","Negativicutes","Veillonellales-Selenomonadales","Veillonellaceae","Veillonella",0.0378955346428346
"ASV_131",12,"Bacteria","Actinomycetota","Actinobacteria","Micrococcales","Brevibacteriaceae","Brevibacterium",0.0378955346428346
"ASV_132",12,"Bacteria","Pseudomonadota","Alphaproteobacteria","Rickettsiales","Mitochondria",NA,0.0378955346428346
"ASV_133",11,"Bacteria","Bacteroidota","Bacteroidia","Bacteroidales","Porphyromonadaceae","Porphyromonas",0.0347375734225984
"ASV_134",11,"Bacteria","Pseudomonadota","Alphaproteobacteria","Sphingomonadales","Sphingomonadaceae","Sphingomonas",0.0347375734225984
"ASV_135",10,"Bacteria","Bacillota","Bacilli","Lactobacillales","Lactobacillaceae","Limosilactobacillus",0.0315796122023622
"ASV_136",10,"Bacteria","Bacillota","Clostridia","Lachnospirales","Lachnospiraceae","Coprococcus",0.0315796122023622
"ASV_137",10,"Bacteria","Bacillota","Clostridia","Peptostreptococcales-Tissierellales","Anaerovoracaceae","S5-A14a",0.0315796122023622
"ASV_138",10,"Bacteria","Bacillota","Bacilli","Bacillales","Bacillaceae","Bacillus",0.0315796122023622
"ASV_139",9,"Bacteria","Bacillota","Bacilli","Lactobacillales","Lactobacillaceae",NA,0.0284216509821259
"ASV_140",9,"Bacteria","Bacillota","Clostridia","Peptococcales","Peptococcaceae","Peptococcus",0.0284216509821259
"ASV_141",9,"Bacteria","Bacillota","Clostridia","Lachnospirales","Lachnospiraceae","Lachnospiraceae NK4A136 group",0.0284216509821259
"ASV_142",8,"Bacteria","Bacillota","Bacilli","Lactobacillales","Lactobacillaceae","Lactobacillus",0.0252636897618897
"ASV_143",8,"Bacteria","Pseudomonadota","Alphaproteobacteria","Rickettsiales","Mitochondria",NA,0.0252636897618897
"ASV_144",8,"Bacteria","Bacillota","Bacilli","Lactobacillales","Streptococcaceae","Streptococcus",0.0252636897618897
"ASV_145",8,"Bacteria","Bacillota","Clostridia","Peptostreptococcales-Tissierellales","Peptostreptococcaceae","Peptostreptococcus",0.0252636897618897
"ASV_146",8,"Bacteria","Actinomycetota","Actinobacteria","Mycobacteriales","Nocardiaceae","Rhodococcus",0.0252636897618897
"ASV_147",8,"Bacteria","Bacillota","Bacilli","Erysipelotrichales","Erysipelotrichaceae","Holdemanella",0.0252636897618897
"ASV_148",7,"Bacteria","Patescibacteria","Parcubacteria","Candidatus Nomurabacteria",NA,NA,0.0221057285416535
"ASV_149",7,"Bacteria","Bacillota","Clostridia","Oscillospirales","UCG-010",NA,0.0221057285416535
"ASV_150",7,"Bacteria","Pseudomonadota","Gammaproteobacteria","Burkholderiales","Neisseriaceae","Neisseria",0.0221057285416535
"ASV_151",7,"Archaea","Thermoplasmatota","Thermoplasmata","Methanomassiliicoccales",NA,NA,0.0221057285416535
"ASV_152",6,"Bacteria","Campylobacterota","Campylobacteria","Campylobacterales","Sulfurimonadaceae","Sulfuricurvum",0.0189477673214173
"ASV_153",6,"Bacteria","Actinomycetota","Actinobacteria",NA,NA,NA,0.0189477673214173
"ASV_154",6,"Bacteria","Cyanobacteriota","Cyanobacteriia","Cyanobacteriales","Nostocaceae",NA,0.0189477673214173
"ASV_155",6,"Bacteria","Bacillota","Clostridia","Peptostreptococcales-Tissierellales","Caldisalinibacteraceae","Brassicibacter",0.0189477673214173
"ASV_156",6,"Bacteria","Bacillota","Bacilli","Lactobacillales","Lactobacillaceae","Lactobacillus",0.0189477673214173
"ASV_157",6,"Bacteria","Bacteroidota","Bacteroidia","Bacteroidales","Tannerellaceae","Parabacteroides",0.0189477673214173
"ASV_158",5,"Bacteria","Bacteroidota","Bacteroidia","Bacteroidales","Prolixibacteraceae","WCHB1-32",0.0157898061011811
"ASV_159",5,"Bacteria","Bacteroidota","Bacteroidia","Bacteroidales","Prevotellaceae","Leyella",0.0157898061011811
"ASV_160",5,"Bacteria","Pseudomonadota","Alphaproteobacteria","Hyphomicrobiales","Beijerinckiaceae","Microvirga",0.0157898061011811
"ASV_161",5,"Bacteria","Actinomycetota","Actinobacteria","Actinomycetales","Actinomycetaceae","Schaalia",0.0157898061011811
"ASV_162",5,"Bacteria","Bacteroidota","Bacteroidia","Bacteroidales","Rikenellaceae","Alistipes",0.0157898061011811
"ASV_163",5,"Bacteria","Pseudomonadota","Gammaproteobacteria","Burkholderiales",NA,NA,0.0157898061011811
"ASV_164",5,"Bacteria","Bacillota","Bacilli",NA,NA,NA,0.0157898061011811
"ASV_165",5,"Bacteria","Bacteroidota","Bacteroidia","Bacteroidales","Bacteroidaceae","Bacteroides",0.0157898061011811
"ASV_166",5,"Bacteria","Patescibacteria","Saccharimonadia","Saccharimonadales",NA,NA,0.0157898061011811
"ASV_167",5,"Bacteria","Bacteroidota","Bacteroidia","Bacteroidales","Porphyromonadaceae","Porphyromonas",0.0157898061011811
"ASV_168",5,"Bacteria","Fusobacteriota","Fusobacteriia","Fusobacteriales","Leptotrichiaceae","Pseudoleptotrichia",0.0157898061011811
"ASV_169",5,"Bacteria","Bacillota","Bacilli","Lactobacillales","Lactobacillaceae","Ligilactobacillus",0.0157898061011811
"ASV_170",5,"Bacteria","Bacteroidota","Bacteroidia","Bacteroidales","Rikenellaceae","Alistipes",0.0157898061011811
"ASV_171",4,"Bacteria","Campylobacterota","Campylobacteria","Campylobacterales","Campylobacteraceae","Campylobacter",0.0126318448809449
"ASV_172",4,"Eukaryota",NA,NA,NA,NA,NA,0.0126318448809449
"ASV_173",4,"Bacteria","Pseudomonadota","Gammaproteobacteria","Burkholderiales","Neisseriaceae",NA,0.0126318448809449
"ASV_174",4,"Bacteria","Bacillota","Clostridia","Peptostreptococcales-Tissierellales","Family XI","Anaerococcus",0.0126318448809449
"ASV_175",4,"Bacteria","Bacteroidota","Bacteroidia","Flavobacteriales","Weeksellaceae","Chryseobacterium",0.0126318448809449
"ASV_176",4,"Bacteria","Cyanobacteriota","Vampirivibrionia","Obscuribacterales","Obscuribacteraceae",NA,0.0126318448809449
"ASV_177",4,"Bacteria","Cyanobacteriota","Cyanobacteriia","Chloroplast",NA,NA,0.0126318448809449
"ASV_178",3,"Bacteria","Planctomycetota","Planctomycetes","Planctomycetales","Schlesneriaceae","Planctopirus",0.00947388366070865
"ASV_179",3,"Bacteria","Pseudomonadota","Gammaproteobacteria","Burkholderiales","Sutterellaceae","Sutterella",0.00947388366070865
"ASV_180",3,"Bacteria","Bacillota","Clostridia","Oscillospirales","[Eubacterium] coprostanoligenes group",NA,0.00947388366070865
"ASV_181",3,"Bacteria","Acidobacteriota","Acidobacteriae",NA,NA,NA,0.00947388366070865
"ASV_182",3,"Bacteria","Bacillota","Clostridia","Oscillospirales","Ruminococcaceae","[Eubacterium] siraeum group",0.00947388366070865
"ASV_183",3,"Bacteria","Planctomycetota","Phycisphaerae","Tepidisphaerales","WD2101 soil group",NA,0.00947388366070865
"ASV_184",3,"Bacteria","Bacillota","Bacilli","Bacillales","Bacillaceae",NA,0.00947388366070865
"ASV_185",3,"Bacteria","Bacillota","Bacilli","Exiguobacterales","Exiguobacteraceae","Exiguobacterium",0.00947388366070865
"ASV_186",3,"Bacteria","Actinomycetota","Actinobacteria","Bifidobacteriales","Bifidobacteriaceae",NA,0.00947388366070865
"ASV_187",3,"Bacteria","Pseudomonadota","Gammaproteobacteria","Pseudomonadales","Moraxellaceae",NA,0.00947388366070865
"ASV_188",2,"Bacteria","Bacteroidota","Bacteroidia","Flavobacteriales","Flavobacteriaceae","Antarcticibacterium",0.00631592244047243
"ASV_189",2,"Bacteria","Bacillota","Bacilli","Lactobacillales","Lactobacillaceae",NA,0.00631592244047243
"ASV_190",2,"Bacteria","Pseudomonadota","Gammaproteobacteria","Pseudomonadales","Pseudomonadaceae","Pseudomonas",0.00631592244047243
"ASV_191",2,"Bacteria","Actinomycetota","Actinobacteria",NA,NA,NA,0.00631592244047243
"ASV_192",2,"Bacteria","Pseudomonadota","Gammaproteobacteria","Pseudomonadales","Moraxellaceae",NA,0.00631592244047243
"ASV_193",2,"Bacteria","Pseudomonadota","Gammaproteobacteria","Pseudomonadales","Moraxellaceae",NA,0.00631592244047243
"ASV_194",2,"Bacteria","Bacteroidota","Bacteroidia","Flavobacteriales","Weeksellaceae","Chryseobacterium",0.00631592244047243
"ASV_195",2,"Bacteria","Bacillota","Clostridia","Oscillospirales","[Eubacterium] coprostanoligenes group",NA,0.00631592244047243
"ASV_196",2,"Bacteria","Bacillota","Clostridia","Oscillospirales","Ruminococcaceae","Faecalibacterium",0.00631592244047243
"ASV_197",2,"Bacteria","Bacillota","Bacilli","Lactobacillales","P5D1-392",NA,0.00631592244047243
"ASV_198",1,"Bacteria","Actinomycetota","Actinobacteria","Mycobacteriales","Corynebacteriaceae","Corynebacterium",0.00315796122023622
"ASV_199",1,"Bacteria","Actinomycetota","Actinobacteria","Mycobacteriales","Corynebacteriaceae","Corynebacterium",0.00315796122023622
